[
    {
        "id": 1,
        "title": "Un super article 1",
        "content": "Haec igitur lex in amicitia sanciatur, ut neque rogemus res turpes nec faciamus rogati. Turpis enim excusatio est et minime accipienda cum in ceteris peccatis, tum si quis contra rem publicam se amici causa fecisse fateatur. Etenim eo loco, Fanni et Scaevola, locati sumus ut nos longe prospicere oporteat futuros casus rei publicae. Deflexit iam aliquantum de spatio curriculoque consuetudo maiorum.",
        "resumes": "Haec igitur lex in amicitia sanciatur, ut neque rogemus res turpes nec faciamus rogati. Turpis enim excusatio est et minime....",
        "author": "author 1",
        "publishedDate": "06/10/2019",
        "img": "https://static.education.francetv.fr/media/img/hd/img.gif",
        "tags": ["tag1", "tag2", "tagada"]
    },
    {
        "id": 2,
        "title": "Un super article 2",
        "content": "Haec igitur lex in amicitia sanciatur, ut neque rogemus res turpes nec faciamus rogati. Turpis enim excusatio est et minime accipienda cum in ceteris peccatis, tum si quis contra rem publicam se amici causa fecisse fateatur. Etenim eo loco, Fanni et Scaevola, locati sumus ut nos longe prospicere oporteat futuros casus rei publicae. Deflexit iam aliquantum de spatio curriculoque consuetudo maiorum.",
        "resumes": "Haec igitur lex in amicitia sanciatur, ut neque rogemus res turpes nec faciamus rogati. Turpis enim excusatio est et minime....",
        "author": "author 2",
        "publishedDate": "06/10/2019",
        "img": "https://static.education.francetv.fr/media/img/hd/img.gif",
        "tags": ["tag1", "tag2", "tagada"]
    },
    {
        "id": 3,
        "title": "Un super article 3",
        "content": "Haec igitur lex in amicitia sanciatur, ut neque rogemus res turpes nec faciamus rogati. Turpis enim excusatio est et minime accipienda cum in ceteris peccatis, tum si quis contra rem publicam se amici causa fecisse fateatur. Etenim eo loco, Fanni et Scaevola, locati sumus ut nos longe prospicere oporteat futuros casus rei publicae. Deflexit iam aliquantum de spatio curriculoque consuetudo maiorum.",
        "resumes": "Haec igitur lex in amicitia sanciatur, ut neque rogemus res turpes nec faciamus rogati. Turpis enim excusatio est et minime....",
        "author": "author 3",
        "publishedDate": "06/10/2019",
        "img": "https://static.education.francetv.fr/media/img/hd/img.gif",
        "tags": ["tag1", "tag2", "tagada"]
    },
    {
        "id": 4,
        "title": "Un super article 4",
        "content": "Haec igitur lex in amicitia sanciatur, ut neque rogemus res turpes nec faciamus rogati. Turpis enim excusatio est et minime accipienda cum in ceteris peccatis, tum si quis contra rem publicam se amici causa fecisse fateatur. Etenim eo loco, Fanni et Scaevola, locati sumus ut nos longe prospicere oporteat futuros casus rei publicae. Deflexit iam aliquantum de spatio curriculoque consuetudo maiorum.",
        "resumes": "Haec igitur lex in amicitia sanciatur, ut neque rogemus res turpes nec faciamus rogati. Turpis enim excusatio est et minime....",
        "author": "author 4",
        "publishedDate": "06/10/2019",
        "img": "https://static.education.francetv.fr/media/img/hd/img.gif",
        "tags": ["tag1", "tag2", "tagada"]
    },
    {
        "id": 5,
        "title": "Un super article 5",
        "content": "Haec igitur lex in amicitia sanciatur, ut neque rogemus res turpes nec faciamus rogati. Turpis enim excusatio est et minime accipienda cum in ceteris peccatis, tum si quis contra rem publicam se amici causa fecisse fateatur. Etenim eo loco, Fanni et Scaevola, locati sumus ut nos longe prospicere oporteat futuros casus rei publicae. Deflexit iam aliquantum de spatio curriculoque consuetudo maiorum.",
        "resumes": "Haec igitur lex in amicitia sanciatur, ut neque rogemus res turpes nec faciamus rogati. Turpis enim excusatio est et minime....",
        "author": "author 5",
        "publishedDate": "06/10/2019",
        "img": "https://static.education.francetv.fr/media/img/hd/img.gif",
        "tags": ["tag1", "tag2", "tagada"]
    },
    {
        "id": 6,
        "title": "Un super article 6",
        "content": "Haec igitur lex in amicitia sanciatur, ut neque rogemus res turpes nec faciamus rogati. Turpis enim excusatio est et minime accipienda cum in ceteris peccatis, tum si quis contra rem publicam se amici causa fecisse fateatur. Etenim eo loco, Fanni et Scaevola, locati sumus ut nos longe prospicere oporteat futuros casus rei publicae. Deflexit iam aliquantum de spatio curriculoque consuetudo maiorum.",
        "resumes": "Haec igitur lex in amicitia sanciatur, ut neque rogemus res turpes nec faciamus rogati. Turpis enim excusatio est et minime....",
        "author": "author 6",
        "publishedDate": "06/10/2019",
        "img": "https://static.education.francetv.fr/media/img/hd/img.gif",
        "tags": ["tag1", "tag2", "tagada"]
    }
]
